Key;Start;Ende
181;de:08215:1235;de:08215:1237
182;de:08215:1237;de:08215:1241
183;de:08215:1241;de:08215:1301
184;de:08215:1241;de:08215:1401
185;de:08215:1301;de:08215:1302
186;de:08215:1302;de:08215:1303
187;de:08215:1303;de:08215:1304
188;de:08215:1304;de:08235:9711
189;de:08215:1401;de:08215:1402
190;de:08215:1402;de:08215:1411
191;de:08215:1403;de:08215:1404
192;de:08215:1404;de:08215:1406
193;de:08215:1406;de:08215:1408
194;de:08215:1408;de:08215:1409
195;de:08215:1403;de:08215:1411
196;de:08215:1500;de:08215:220
197;de:08215:1500;de:08215:1501
198;de:08215:1526;de:08215:1530
199;de:08215:1530;de:08215:1531
200;de:08215:1531;de:08215:1541
201;de:08215:1541;de:08215:1543
202;de:08215:1543;de:08215:1548
203;de:08215:1548;de:08215:1550
204;de:08215:1550;de:08215:1551
205;de:08215:1551;de:08215:1553
206;de:08215:1553;de:08215:1554
207;de:08215:1554;de:08215:1555
208;de:08215:1555;de:08215:1556
209;de:08215:1556;de:08215:1557
210;de:08215:1557;de:08215:32831
211;de:08215:1561;de:08215:32092
212;de:08215:1601;de:08215:2008
213;de:08215:1616;de:08215:1617
214;de:08215:1617;de:08215:1627
215;de:08215:1619;de:08236:1794
216;de:08215:1619;de:08215:1627
217;de:08215:1616;de:08215:1634
218;de:08215:1853;de:08215:1854
219;de:08215:1854;de:08215:1855
220;de:08215:1855;de:08215:1856
221;de:08215:1856;de:08215:1857
222;de:08215:1857;de:08215:1858
223;de:08215:1858;de:08215:31002
224;de:08215:1902;de:08215:1903
225;de:08215:1903;de:08215:32030